"filename", "language", "JavaScript", "JSON", "HTML", "PostCSS", "comment", "blank", "total"
"d:\web deveploment\web by udemy\YelpCamp Project\app.js", "JavaScript", 134, 0, 0, 0, 11, 26, 171
"d:\web deveploment\web by udemy\YelpCamp Project\cloudinary\index.js", "JavaScript", 18, 0, 0, 0, 0, 3, 21
"d:\web deveploment\web by udemy\YelpCamp Project\controllers\campgrounds.js", "JavaScript", 66, 0, 0, 0, 0, 18, 84
"d:\web deveploment\web by udemy\YelpCamp Project\controllers\reviews.js", "JavaScript", 19, 0, 0, 0, 0, 3, 22
"d:\web deveploment\web by udemy\YelpCamp Project\controllers\users.js", "JavaScript", 36, 0, 0, 0, 0, 5, 41
"d:\web deveploment\web by udemy\YelpCamp Project\middleware.js", "JavaScript", 56, 0, 0, 0, 0, 9, 65
"d:\web deveploment\web by udemy\YelpCamp Project\models\campground.js", "JavaScript", 54, 0, 0, 0, 0, 9, 63
"d:\web deveploment\web by udemy\YelpCamp Project\models\review.js", "JavaScript", 12, 0, 0, 0, 0, 4, 16
"d:\web deveploment\web by udemy\YelpCamp Project\models\user.js", "JavaScript", 12, 0, 0, 0, 0, 4, 16
"d:\web deveploment\web by udemy\YelpCamp Project\package-lock.json", "JSON", 0, 2011, 0, 0, 0, 1, 2012
"d:\web deveploment\web by udemy\YelpCamp Project\package.json", "JSON", 0, 37, 0, 0, 0, 4, 41
"d:\web deveploment\web by udemy\YelpCamp Project\public\javascripts\clusterMap.js", "JavaScript", 94, 0, 0, 0, 10, 9, 113
"d:\web deveploment\web by udemy\YelpCamp Project\public\javascripts\showPageMap.js", "JavaScript", 16, 0, 0, 0, 0, 2, 18
"d:\web deveploment\web by udemy\YelpCamp Project\public\javascripts\validateForm.js", "JavaScript", 14, 0, 0, 0, 2, 3, 19
"d:\web deveploment\web by udemy\YelpCamp Project\public\stylesheet\app.css", "PostCSS", 0, 0, 0, 8, 0, 1, 9
"d:\web deveploment\web by udemy\YelpCamp Project\public\stylesheet\home.css", "PostCSS", 0, 0, 0, 31, 0, 5, 36
"d:\web deveploment\web by udemy\YelpCamp Project\public\stylesheet\star.css", "PostCSS", 0, 0, 0, 163, 0, 27, 190
"d:\web deveploment\web by udemy\YelpCamp Project\routes\campgrounds.js", "JavaScript", 17, 0, 0, 0, 4, 12, 33
"d:\web deveploment\web by udemy\YelpCamp Project\routes\reviews.js", "JavaScript", 11, 0, 0, 0, 0, 5, 16
"d:\web deveploment\web by udemy\YelpCamp Project\routes\user.js", "JavaScript", 15, 0, 0, 0, 0, 5, 20
"d:\web deveploment\web by udemy\YelpCamp Project\schemas.js", "JavaScript", 37, 0, 0, 0, 1, 6, 44
"d:\web deveploment\web by udemy\YelpCamp Project\seeds\cities.js", "JavaScript", 9002, 0, 0, 0, 0, 0, 9002
"d:\web deveploment\web by udemy\YelpCamp Project\seeds\index.js", "JavaScript", 49, 0, 0, 0, 0, 13, 62
"d:\web deveploment\web by udemy\YelpCamp Project\seeds\seedHelpers.js", "JavaScript", 43, 0, 0, 0, 0, 2, 45
"d:\web deveploment\web by udemy\YelpCamp Project\utils\ExpressError.js", "JavaScript", 8, 0, 0, 0, 0, 1, 9
"d:\web deveploment\web by udemy\YelpCamp Project\utils\catchAsync.js", "JavaScript", 5, 0, 0, 0, 0, 0, 5
"d:\web deveploment\web by udemy\YelpCamp Project\utils\mongoSanitizeV5.js", "JavaScript", 35, 0, 0, 0, 5, 8, 48
"d:\web deveploment\web by udemy\YelpCamp Project\views\campgrounds\edit.ejs", "HTML", 0, 0, 57, 0, 0, 5, 62
"d:\web deveploment\web by udemy\YelpCamp Project\views\campgrounds\index.ejs", "HTML", 0, 0, 36, 0, 0, 5, 41
"d:\web deveploment\web by udemy\YelpCamp Project\views\campgrounds\new.ejs", "HTML", 0, 0, 48, 0, 7, 5, 60
"d:\web deveploment\web by udemy\YelpCamp Project\views\campgrounds\show.ejs", "HTML", 0, 0, 111, 0, 4, 9, 124
"d:\web deveploment\web by udemy\YelpCamp Project\views\error.ejs", "HTML", 0, 0, 10, 0, 0, 2, 12
"d:\web deveploment\web by udemy\YelpCamp Project\views\home.ejs", "HTML", 0, 0, 41, 0, 0, 7, 48
"d:\web deveploment\web by udemy\YelpCamp Project\views\layouts\boilerplate.ejs", "HTML", 0, 0, 23, 0, 0, 8, 31
"d:\web deveploment\web by udemy\YelpCamp Project\views\partials\flash.ejs", "HTML", 0, 0, 12, 0, 0, 2, 14
"d:\web deveploment\web by udemy\YelpCamp Project\views\partials\footer.ejs", "HTML", 0, 0, 5, 0, 0, 0, 5
"d:\web deveploment\web by udemy\YelpCamp Project\views\partials\navbar.ejs", "HTML", 0, 0, 23, 0, 0, 0, 23
"d:\web deveploment\web by udemy\YelpCamp Project\views\users\login.ejs", "HTML", 0, 0, 31, 0, 0, 2, 33
"d:\web deveploment\web by udemy\YelpCamp Project\views\users\register.ejs", "HTML", 0, 0, 38, 0, 0, 1, 39
"Total", "-", 9753, 2048, 435, 202, 44, 231, 12713